D-Link,DIR816
rank,url,keys
Filtered Number: 0
------------------------------------------------------------------------------------------------------------------------------------------------------
D-Link,DIR816
rank,url,keys
Filtered Number: 0
------------------------------------------------------------------------------------------------------------------------------------------------------
D-Link,DIR816
rank,url,keys
Filtered Number: 0
------------------------------------------------------------------------------------------------------------------------------------------------------
D-Link,DIR816
rank,url,keys
Filtered Number: 0
------------------------------------------------------------------------------------------------------------------------------------------------------
D-Link,DIR816
rank,url,keys
Filtered Number: 0
------------------------------------------------------------------------------------------------------------------------------------------------------
D-Link,DIR816
rank,url,keys
Filtered Number: 0
------------------------------------------------------------------------------------------------------------------------------------------------------
D-Link,DIR816
rank,url,keys
3,http://192.168.0.1/index.html,['rid', 'mode', 'functions']
4,http://192.168.0.1/info.html,['WAN', 'mode', 'LAN_MAC', 'WAN_MAC']
Filtered Number: 2
------------------------------------------------------------------------------------------------------------------------------------------------------
D-Link,DIR816
rank,url,keys
3,http://192.168.0.1/index.html,['rid', 'mode', 'functions']
4,http://192.168.0.1/info.html,['WAN', 'mode', 'LAN_MAC', 'WAN_MAC']
Filtered Number: 2
------------------------------------------------------------------------------------------------------------------------------------------------------
D-Link,DIR816
rank,url,keys
3,http://192.168.0.1/index.html,['rid', 'mode', 'functions']
4,http://192.168.0.1/info.html,['WAN', 'mode', 'LAN_MAC', 'WAN_MAC']
Filtered Number: 2
------------------------------------------------------------------------------------------------------------------------------------------------------
D-Link,DIR816
rank,url,keys
3,http://192.168.0.1/index.html,['rid', 'mode', 'functions']
4,http://192.168.0.1/info.html,['WAN', 'mode', 'LAN_MAC', 'WAN_MAC']
Filtered Number: 2
------------------------------------------------------------------------------------------------------------------------------------------------------
D-Link,DIR816
rank,url,keys
3,http://192.168.0.1/index.html,['rid', 'mode', 'functions']
4,http://192.168.0.1/info.html,['WAN', 'mode', 'LAN_MAC', 'WAN_MAC']
Filtered Number: 2
------------------------------------------------------------------------------------------------------------------------------------------------------
D-Link,DIR816
rank,url,keys
3,http://192.168.0.1/index.html,['rid', 'mode', 'functions']
4,http://192.168.0.1/info.html,['WAN', 'mode', 'LAN_MAC', 'WAN_MAC']
Filtered Number: 2
------------------------------------------------------------------------------------------------------------------------------------------------------
D-Link,DIR816
rank,url,keys
3,http://192.168.0.1/index.html,['rid', 'mode', 'functions']
4,http://192.168.0.1/info.html,['WAN', 'mode', 'LAN_MAC', 'WAN_MAC']
Filtered Number: 2
------------------------------------------------------------------------------------------------------------------------------------------------------
D-Link,DIR816
rank,url,keys
3,http://192.168.0.1/index.html,['rid', 'mode', 'functions']
4,http://192.168.0.1/info.html,['WAN', 'mode', 'LAN_MAC', 'WAN_MAC']
Filtered Number: 2
------------------------------------------------------------------------------------------------------------------------------------------------------
D-Link,DIR816
rank,url,keys
3,http://192.168.0.1/index.html,['rid', 'mode', 'functions']
4,http://192.168.0.1/info.html,['WAN', 'mode', 'LAN_MAC', 'WAN_MAC']
Filtered Number: 2
------------------------------------------------------------------------------------------------------------------------------------------------------
D-Link,DIR816
rank,url,keys
3,http://192.168.0.1/index.html,['rid', 'mode', 'functions']
4,http://192.168.0.1/info.html,['WAN', 'mode', 'LAN_MAC', 'WAN_MAC']
Filtered Number: 2
------------------------------------------------------------------------------------------------------------------------------------------------------
D-Link,DIR816
rank,url,keys
3,http://192.168.0.1/index.html,['rid', 'mode', 'functions']
4,http://192.168.0.1/info.html,['WAN', 'mode', 'LAN_MAC', 'WAN_MAC']
Filtered Number: 2
------------------------------------------------------------------------------------------------------------------------------------------------------
D-Link,DIR816
rank,url,keys
3,http://192.168.0.1/index.html,['rid', 'mode', 'functions']
4,http://192.168.0.1/info.html,['WAN', 'mode', 'LAN_MAC', 'WAN_MAC']
Filtered Number: 2
------------------------------------------------------------------------------------------------------------------------------------------------------
D-Link,DIR816
rank,url,keys
3,http://192.168.0.1/index.html,['rid', 'mode', 'functions']
4,http://192.168.0.1/info.html,['WAN', 'mode', 'LAN_MAC', 'WAN_MAC']
Filtered Number: 2
------------------------------------------------------------------------------------------------------------------------------------------------------
D-Link,DIR816
rank,url,keys
3,http://192.168.0.1/index.html,['rid', 'mode', 'functions']
4,http://192.168.0.1/info.html,['WAN', 'mode', 'LAN_MAC', 'WAN_MAC']
Filtered Number: 2
------------------------------------------------------------------------------------------------------------------------------------------------------
D-Link,DIR816
rank,url,keys
3,http://192.168.0.1/index.html,['rid', 'mode', 'functions']
4,http://192.168.0.1/info.html,['WAN', 'mode', 'LAN_MAC', 'WAN_MAC']
Filtered Number: 2
------------------------------------------------------------------------------------------------------------------------------------------------------
D-Link,DIR816
rank,url,keys
3,http://192.168.0.1/index.html,['rid', 'mode', 'functions']
4,http://192.168.0.1/info.html,['WAN', 'mode', 'LAN_MAC', 'WAN_MAC']
Filtered Number: 2
------------------------------------------------------------------------------------------------------------------------------------------------------
D-Link,DIR816
rank,url,keys
3,http://192.168.0.1/index.html,['rid', 'mode', 'functions']
4,http://192.168.0.1/info.html,['WAN', 'mode', 'LAN_MAC', 'WAN_MAC']
Filtered Number: 2
------------------------------------------------------------------------------------------------------------------------------------------------------
D-Link,DIR816
rank,url,keys
3,http://192.168.0.1/index.html,['rid', 'mode', 'functions']
4,http://192.168.0.1/info.html,['WAN', 'mode', 'LAN_MAC', 'WAN_MAC']
Filtered Number: 2
------------------------------------------------------------------------------------------------------------------------------------------------------
D-Link,DIR816
rank,url,keys
3,http://192.168.0.1/index.html,['rid', 'mode', 'functions']
4,http://192.168.0.1/info.html,['WAN', 'mode', 'LAN_MAC', 'WAN_MAC']
Filtered Number: 2
------------------------------------------------------------------------------------------------------------------------------------------------------
D-Link,DIR816
rank,url,keys
3,http://192.168.0.1/index.html,['rid', 'mode', 'functions']
4,http://192.168.0.1/info.html,['WAN', 'mode', 'LAN_MAC', 'WAN_MAC']
Filtered Number: 2
------------------------------------------------------------------------------------------------------------------------------------------------------
D-Link,DIR816
rank,url,keys
3,http://192.168.0.1/index.cgi,['rid', 'mode', 'functions']
Filtered Number: 1
------------------------------------------------------------------------------------------------------------------------------------------------------
D-Link,DAP1320
rank,url,keys
5,http://192.168.0.50/tools_wizard_send.htm,['wlan1_security', 'wlan1_wps_enable', 'wlan1_psk_cipher_type', 'wlan1_psk_pass_phrase', 'mode']
Filtered Number: 1
------------------------------------------------------------------------------------------------------------------------------------------------------
